{"TB": [0.0, 0.03759398496240601, 0.11278195488721804, 0.2556390977443609, 0.39097744360902253, 0.5037593984962405, 0.6015037593984962, 0.7142857142857142, 0.7518796992481203, 1.0, 0.031791907514450865, 0.04335260115606936, 0.046242774566473986, 0.38439306358381503, 0.4046242774566474, 0.43352601156069365, 0.47109826589595377, 0.5289017341040463, 0.5982658959537572, 0.6589595375722543, 0.708092485549133, 0.7398843930635838, 0.7658959537572254, 1.0317919075144508], "KC": [0.02072538860103627, 0.06217616580310881, 0.10880829015544041, 0.18134715025906734, 0.24352331606217614, 0.40932642487046633, 0.5077720207253886, 0.6010362694300518, 0.6787564766839378, 1.0207253886010363, 0.028469750889679714, 0.0498220640569395, 0.0498220640569395, 0.37010676156583633, 0.3914590747330961, 0.402135231316726, 0.44839857651245557, 0.4946619217081851, 0.5338078291814947, 0.5836298932384342, 0.6156583629893239, 0.6583629893238434, 0.701067615658363, 1.0284697508896796], "GB": [0.017142857142857144, 0.03428571428571429, 0.06285714285714286, 0.12571428571428572, 0.25142857142857145, 0.4285714285714286, 0.5428571428571429, 0.6400000000000001, 0.7200000000000001, 1.0171428571428573, 0.03546099290780142, 0.03546099290780142, 0.03900709219858156, 0.3900709219858156, 0.40070921985815605, 0.4326241134751773, 0.4787234042553192, 0.5212765957446809, 0.5815602836879433, 0.6276595744680852, 0.6773049645390071, 0.7340425531914894, 0.7836879432624113, 1.0354609929078014], "BAL": [0.013888888888888888, 0.10416666666666666, 0.18055555555555555, 0.3125, 0.4166666666666667, 0.5486111111111112, 0.6458333333333334, 0.7291666666666667, 0.7430555555555556, 1.0138888888888888, 0.017985611510791366, 0.03237410071942446, 0.03956834532374101, 0.4064748201438849, 0.4172661870503597, 0.4352517985611511, 0.4676258992805756, 0.5035971223021583, 0.5503597122302158, 0.5863309352517986, 0.6187050359712231, 0.6438848920863309, 0.6870503597122302, 1.0179856115107913], "CLE": [0.005649717514124294, 0.07344632768361582, 0.096045197740113, 0.1638418079096045, 0.2994350282485876, 0.4632768361581921, 0.5932203389830508, 0.7175141242937852, 0.7966101694915254, 1.0056497175141244, 0.017421602787456445, 0.0313588850174216, 0.041811846689895474, 0.470383275261324, 0.48432055749128916, 0.5017421602787456, 0.5261324041811847, 0.554006968641115, 0.5749128919860628, 0.6236933797909409, 0.6515679442508712, 0.6933797909407666, 0.7386759581881533, 1.0174216027874565], "BUF": [0.0, 0.07142857142857142, 0.15873015873015872, 0.2222222222222222, 0.3412698412698413, 0.5158730158730158, 0.611111111111111, 0.6984126984126984, 0.7698412698412698, 0.9999999999999999, 0.04868913857677903, 0.0599250936329588, 0.06367041198501873, 0.47191011235955055, 0.4831460674157303, 0.49063670411985016, 0.5131086142322097, 0.5617977528089887, 0.6142322097378277, 0.6629213483146067, 0.696629213483146, 0.7752808988764044, 0.797752808988764, 1.048689138576779], "DAL": [0.007692307692307693, 0.06153846153846154, 0.1076923076923077, 0.18461538461538463, 0.3153846153846154, 0.4076923076923077, 0.5461538461538462, 0.6692307692307693, 0.7384615384615385, 1.0076923076923077, 0.04195804195804196, 0.06993006993006994, 0.07342657342657344, 0.4090909090909091, 0.4195804195804196, 0.44405594405594406, 0.4825174825174825, 0.5034965034965034, 0.5664335664335663, 0.5979020979020978, 0.6503496503496502, 0.6853146853146852, 0.7272727272727272, 1.0419580419580419], "ARI": [0.005319148936170213, 0.06914893617021275, 0.10638297872340424, 0.2074468085106383, 0.2925531914893617, 0.4095744680851064, 0.48404255319148937, 0.6117021276595744, 0.6436170212765957, 1.0053191489361701, 0.02456140350877193, 0.03508771929824561, 0.03859649122807017, 0.41754385964912283, 0.4280701754385965, 0.4456140350877193, 0.4666666666666667, 0.5087719298245614, 0.5684210526315789, 0.631578947368421, 0.6842105263157894, 0.719298245614035, 0.7649122807017543, 1.0245614035087718], "TEN": [0.0, 0.04878048780487805, 0.07926829268292683, 0.14634146341463417, 0.25609756097560976, 0.4207317073170732, 0.4634146341463415, 0.5548780487804879, 0.6829268292682927, 1.0, 0.026627218934911243, 0.038461538461538464, 0.038461538461538464, 0.4171597633136095, 0.4378698224852071, 0.45857988165680474, 0.5088757396449705, 0.5532544378698225, 0.591715976331361, 0.636094674556213, 0.6923076923076923, 0.742603550295858, 0.7869822485207101, 1.0266272189349113], "LAC": [0.014778325123152709, 0.04433497536945813, 0.08866995073891626, 0.1330049261083744, 0.22167487684729065, 0.32019704433497537, 0.43842364532019706, 0.5320197044334976, 0.6502463054187192, 1.0147783251231526, 0.026200873362445413, 0.034934497816593885, 0.043668122270742356, 0.40611353711790393, 0.42358078602620086, 0.4585152838427947, 0.47598253275109165, 0.5152838427947598, 0.5720524017467249, 0.6200873362445415, 0.6855895196506551, 0.7248908296943232, 0.7554585152838428, 1.0262008733624455], "LA": [0.005747126436781609, 0.040229885057471264, 0.07471264367816091, 0.1896551724137931, 0.3333333333333333, 0.4482758620689655, 0.5919540229885057, 0.7298850574712643, 0.8045977011494252, 1.0057471264367814, 0.03614457831325301, 0.05120481927710843, 0.060240963855421686, 0.3825301204819277, 0.40361445783132527, 0.4216867469879518, 0.463855421686747, 0.48493975903614456, 0.536144578313253, 0.5753012048192772, 0.6295180722891567, 0.6867469879518073, 0.743975903614458, 1.0361445783132532], "NO": [0.0, 0.052980132450331126, 0.12582781456953643, 0.2317880794701987, 0.3973509933774835, 0.5298013245033113, 0.6622516556291391, 0.7152317880794703, 0.7880794701986756, 1.0000000000000002, 0.03859649122807018, 0.05964912280701755, 0.06666666666666667, 0.4350877192982456, 0.4491228070175438, 0.46315789473684205, 0.4842105263157894, 0.5298245614035088, 0.5649122807017544, 0.6070175438596491, 0.6736842105263158, 0.7333333333333333, 0.7684210526315789, 1.03859649122807], "SF": [0.011494252873563218, 0.09770114942528736, 0.13793103448275862, 0.21264367816091956, 0.3160919540229885, 0.4425287356321839, 0.5632183908045977, 0.6551724137931034, 0.7241379310344828, 1.0114942528735633, 0.008298755186721992, 0.03319502074688797, 0.049792531120331954, 0.4107883817427386, 0.43153526970954353, 0.48547717842323646, 0.5186721991701244, 0.5352697095435685, 0.5850622406639004, 0.6514522821576764, 0.6804979253112033, 0.7012448132780084, 0.7468879668049793, 1.008298755186722], "NE": [0.005263157894736842, 0.042105263157894736, 0.07894736842105263, 0.15789473684210525, 0.27368421052631575, 0.39999999999999997, 0.5789473684210527, 0.668421052631579, 0.7578947368421054, 1.005263157894737, 0.033444816053511704, 0.043478260869565216, 0.043478260869565216, 0.4280936454849499, 0.4481605351170569, 0.4548494983277592, 0.4916387959866221, 0.5183946488294314, 0.5451505016722408, 0.5953177257525083, 0.6421404682274247, 0.6789297658862875, 0.7056856187290969, 1.0334448160535117], "DEN": [0.0, 0.031746031746031744, 0.06349206349206349, 0.1111111111111111, 0.21164021164021163, 0.3439153439153439, 0.4973544973544973, 0.6296296296296295, 0.7513227513227512, 0.9999999999999998, 0.02158273381294964, 0.04316546762589928, 0.04316546762589928, 0.4568345323741007, 0.4784172661870503, 0.4856115107913669, 0.5035971223021583, 0.5539568345323741, 0.5827338129496403, 0.6366906474820144, 0.6726618705035972, 0.723021582733813, 0.7374100719424461, 1.0215827338129497], "SEA": [0.0, 0.048458149779735685, 0.0881057268722467, 0.14977973568281938, 0.29074889867841414, 0.4273127753303965, 0.5594713656387665, 0.7048458149779736, 0.7665198237885463, 1.0, 0.008928571428571428, 0.017857142857142856, 0.023809523809523808, 0.37797619047619047, 0.3898809523809524, 0.4017857142857143, 0.4166666666666667, 0.44642857142857145, 0.4910714285714286, 0.5446428571428572, 0.6190476190476191, 0.6607142857142857, 0.7202380952380952, 1.0089285714285714],